Date,Open,High,Low,Close,Volume,Market Cap
20-09-2022,1363.9856878390044,1368.3186974383436,1310.025872176715,1316.2588141678884,12245864.41,4590752721.43
19-09-2022,1324.089141032032,1373.5102293033938,1277.9105434146115,1363.9562029361186,12035241.92,4757108239.76
18-09-2022,1457.9158977116629,1457.9158977116629,1321.008363718474,1324.1917393937824,8537374.6,4618420606.86
17-09-2022,1416.6689354450227,1459.0135004942106,1400.8947249179582,1457.7944043340108,7909072.01,5084390362.24
16-09-2022,1454.597131458575,1463.8914586448998,1399.511994254712,1416.3189611721702,11934460.94,4939735297.82
15-09-2022,1588.6801923694554,1611.7771496967223,1449.6422360281338,1454.52158569037,18124213.94,5072975661.02
14-09-2022,1527.1143347474842,1595.7140600368336,1514.3098489773838,1588.064924690101,13777777.79,5538738503.66
13-09-2022,1667.99809188007,1699.4205773266772,1514.3098489773838,1532.4267957806326,17096949.23,5344687843.6
12-09-2022,1715.7041816913545,1728.2428946484606,1655.2512692483676,1668.0061830744742,19544509.52,5817551868.89
11-09-2022,1726.2483263343734,1737.4637520345495,1688.2282231940824,1715.5581887170083,15252016.84,5983400330.42
10-09-2022,1666.952963314917,1735.106758482603,1657.6328982458895,1726.4720105712822,14812749.78,6021464772.49
09-09-2022,1577.5764172705162,1677.9651369326523,1574.8893695394586,1667.0341066145804,19110277.59,5814161530.6
08-09-2022,1566.282186757923,1591.958295933173,1541.6205440141855,1577.714716478045,12772423.71,5502639792.68
07-09-2022,1497.0204735923576,1587.1740267324437,1438.1823140318143,1566.2111370556559,13066427.9,5462518436.63
06-09-2022,1563.3827142305254,1622.3551231481829,1496.486177709335,1496.891217042552,7493710.6,5220749410.64
05-09-2022,1525.9498531900638,1567.4367839393014,1511.512974742445,1563.2852887932447,5316269.12,5452313873.72
04-09-2022,1508.0105926618355,1528.9324484812191,1495.3646795498012,1525.9468241480442,4546040.02,5322087465.1
03-09-2022,1526.7272969159276,1530.2755548190657,1493.0774226815972,1508.0450932679892,4405880.75,5259651097.06
02-09-2022,1540.5370737670457,1589.0741658323327,1504.0559377915272,1527.0735107286698,5357834.14,5326017041.43
01-09-2022,1510.801233998494,1548.9075698187696,1479.5419625653024,1540.6191091742646,5599864.09,5373260404.41
31-08-2022,1482.758801474705,1570.6473065628945,1482.758801474705,1510.6874646865992,7586135.07,5268866969.84
30-08-2022,1512.6050368723324,1557.3942525820275,1440.2455550244997,1482.1678500625162,5360813.57,5169398311.37
29-08-2022,1386.6785286763513,1516.8345199533776,1385.3694555602945,1512.5731329294865,6873092.59,5275443667.77
28-08-2022,1447.2883082627955,1461.1640654486291,1386.716380896412,1386.716380896412,4823965.46,4836489549.72
27-08-2022,1465.4573088906095,1473.4853078960489,1410.3737718183256,1447.4048968293769,4169357.87,5048154586.01
26-08-2022,1652.8440571392898,1652.9205685066336,1459.366955436262,1465.25594786878,6382563.01,5110414196.55
25-08-2022,1619.0123894344274,1676.1166624199072,1613.717406975188,1652.899334912796,4783756.25,5764863291.56
24-08-2022,1615.6959484404817,1645.4997920456588,1563.652192490193,1618.967292152437,3828941.75,5646517555.93
23-08-2022,1581.9469308538548,1621.8885233011156,1529.2142378805086,1615.9952634005133,3062685.17,5636151928.03
22-08-2022,1573.2086990120893,1581.655552605182,1495.23614776742,1581.6491219011186,3320359.56,5516361928.63
21-08-2022,1532.7994542039244,1596.5147856632775,1524.3188306519357,1573.7421714901066,3766810.79,5488784636.29
20-08-2022,1567.3390056706892,1605.730366679023,1493.1259980192372,1533.1393567768268,2883463.18,5347173062.54
19-08-2022,1798.119386582279,1798.119386582279,1565.8350695679276,1567.6811348366737,4650377.21,5467645389.05
18-08-2022,1783.6453195748898,1825.5223569515983,1776.804146531865,1797.949947677373,4173481.35,6270760375.12
17-08-2022,1825.4911687741078,1897.9693256084079,1775.5329425352031,1783.4378012830675,3506627.63,6220145955.8
16-08-2022,1848.854572741642,1859.0453154562163,1807.92736828311,1825.4735822878445,4221905.18,6366755326.21
15-08-2022,1887.3874872190474,1953.6497973027688,1830.9516271110151,1849.7562879531663,3957700.15,6451446798.68
14-08-2022,1931.6220749708013,1966.9054314725145,1869.4502714404637,1887.3773987100753,3726477.32,6582659000.05
13-08-2022,1898.9588820503673,1957.3236716247882,1893.5873710382657,1931.2481955771757,4000928.58,6735668406.67
12-08-2022,1824.5826089483376,1898.729970366919,1806.8271975121081,1898.729970366919,3880296.41,6622253682.09
11-08-2022,1785.8662983269485,1866.846131460103,1785.3677537428343,1824.7417135773624,4734839.85,6364202767.22
10-08-2022,1640.8097917775005,1802.4505703146333,1604.6219270432334,1785.7333641651933,3735955.38,6228152254.74
09-08-2022,1716.1177466796958,1725.7625525169506,1614.130272782212,1641.6223761410251,2096503.99,5725532326.7
08-08-2022,1638.1237380851608,1741.9419281587448,1634.722531541333,1714.8651847500707,1815269.97,5980983321.08
07-08-2022,1631.2323214038502,1664.8464005773055,1614.7103867511892,1637.930260353106,1425522.75,5712655231.09
06-08-2022,1680.3402741858733,1689.9643370548554,1630.9478021012505,1630.9478021012505,1635889.49,5688302315.93
05-08-2022,1562.729520071319,1681.367325627592,1562.6037537696625,1679.9304232212032,2341791.58,5859140375.13
04-08-2022,1577.1572709349268,1613.4472298947903,1541.500436323338,1564.4258968731563,1981669.01,5456292004.45
03-08-2022,1594.6204989760313,1633.734057383907,1555.522051272659,1577.0400433892294,1992801.9,5500286716.45
02-08-2022,1594.6799563626944,1633.87044602212,1529.4645874205173,1594.174463844703,2317810.57,5560046914.44
01-08-2022,1640.356876967333,1660.5245762897791,1572.4805190548973,1595.3213949817343,1740731.75,5564047098.28
31-07-2022,1652.9005105436208,1705.7981938269954,1630.9550627799895,1640.5396497079657,1591511.41,5721756071.4
30-07-2022,1681.5897964772394,1695.3422291607203,1634.6635265115149,1653.0469832250078,2039320.56,5765378248.71
29-07-2022,1685.003213873475,1716.4582524435184,1618.741875834714,1681.366693522273,3177155.04,5864149695.27
28-07-2022,1603.7539798336168,1733.2520399415966,1563.652133151028,1684.3302835777697,3623957.26,5874485891.29
27-07-2022,1417.6088269826519,1603.9014640578816,1395.8937072922608,1603.899754702519,2016552.85,5593966083.67
26-07-2022,1416.0796893148238,1417.2666924302407,1334.386393188673,1416.8639704383388,1662689,4941636141.89
25-07-2022,1571.5664009994434,1573.181000981272,1415.8909353724985,1415.8909353724985,1276581.74,4938242460.25
24-07-2022,1522.9317485707281,1626.1565116636714,1520.11340340078,1571.570167113998,1800541.5,5481209275.81
23-07-2022,1495.2130855652122,1553.7495094735816,1464.1628222354204,1522.932240423931,1073611.61,5311573417.03
22-07-2022,1523.6587311189114,1573.8365309844364,1485.4643007879995,1495.5970719615054,1599981.61,5216235784.6
21-07-2022,1488.4418773890782,1541.1202689469253,1438.0371582215205,1523.6557613889017,2081965.02,5314096861.36
20-07-2022,1508.9440666348237,1580.3941692869894,1466.711626666122,1487.7541109987221,3218537.21,5188881670.05
19-07-2022,1540.2439148155909,1569.5256178566767,1464.0674438146718,1508.9453011222654,4883691.12,5262790777.2
18-07-2022,1306.2794356583477,1539.2311971206743,1306.2794356583477,1539.2311971206743,8075717.08,5368419744.68
17-07-2022,1316.885578515265,1340.088283647475,1293.637575443442,1306.2727196554206,4553805.49,4555923939.98
16-07-2022,1194.8269872972348,1336.8879814021302,1158.985997385874,1316.7405737488577,3833986.88,4592432967.8
15-07-2022,1152.0772666621508,1239.1339621710301,1142.6633241671268,1194.7680116443235,2550101.38,4167025847.72
14-07-2022,1073.1168965305314,1165.5443982018217,1036.2948331018838,1151.8929657314834,1595885.82,4017489349.59
13-07-2022,997.3928498647639,1073.3934161665084,979.3497797015984,1073.3934161665084,2947677.4,3743704272.58
12-07-2022,1065.8975545451453,1066.8678130678013,997.3735992070897,997.4882754146608,1379612.11,3478967787.84
11-07-2022,1135.2727476330203,1135.2727476330203,1063.6936944226482,1065.7841455622156,1260511.31,3717165206.44
10-07-2022,1182.8084392544824,1183.3076882559408,1126.1293931067648,1135.2864415448498,923946.21,3959570310.2
09-07-2022,1186.7405760732227,1196.2207733053167,1172.4504892163718,1182.884498986743,888956.85,4125579387.89
08-07-2022,1206.6256626470008,1237.4232618936428,1158.1991420759227,1187.2482288860313,2572813.01,4140798890.84
07-07-2022,1154.9631990378564,1218.0575520417883,1132.9344659199103,1206.6256330326817,1851856.67,4208382005.85
06-07-2022,1099.8653448369491,1166.26092381538,1080.1115803694174,1154.847507150056,1087663.43,4027793986.42
05-07-2022,1116.506987912557,1132.4853592100078,1063.9340409403428,1099.6480980475571,1614146.37,3835273461.71
04-07-2022,1040.6978856628489,1119.9625056476405,1014.6600157099163,1117.4329016553575,1169933.66,3897302019.23
03-07-2022,1029.6536699931814,1047.9532920677998,1007.6778744840464,1040.7004246897766,711186.7,3629680010.81
02-07-2022,1021.7788854276674,1035.0006962596278,995.7649349327905,1029.7311389457702,815421.49,3591422125.78
01-07-2022,1028.976478718283,1061.5453334179203,1002.8938265986235,1021.737224468123,1606213.24,3563541526.42
30-06-2022,1057.732460311012,1062.493766723387,968.517277912984,1028.6117414795228,1552586.1,3587517971.89
29-06-2022,1097.5926939502317,1108.9402187552735,1044.7426817742314,1057.3508389310136,1132487.47,3687752126.77
28-06-2022,1150.974882888907,1186.8217033889764,1094.8703605946855,1097.7038935974567,1256076.31,3828492605.41
27-06-2022,1157.0856031750045,1193.6926076227371,1138.0391774284692,1150.9958135336694,1261678.04,4014360326.75
26-06-2022,1200.5015190347412,1231.7731573834262,1156.9856897778923,1157.1759286742956,1422460.96,4035914887.37
25-06-2022,1177.9472927289125,1205.0131040987224,1140.4316396889935,1200.802905517536,1597382.02,4188073916.06
24-06-2022,1090.255506618448,1193.3265284626898,1088.5211250315676,1177.9437437384433,2098115.57,4108347377.47
23-06-2022,996.8389639452358,1095.2587801177347,996.1878786902017,1090.6709668709964,2142380.51,3803963669.95
22-06-2022,1062.4727572756497,1063.7168779029837,990.0042429562161,995.9394083028924,2533742.11,3473565760.65
21-06-2022,1064.4880540121387,1122.0889077147397,1045.813381119563,1062.247291856768,2153402.39,3704829622.74
20-06-2022,1056.4838706263483,1093.1829522150185,994.796552630321,1065.3168872460303,2171190.17,3715535536.53
19-06-2022,931.3850266935889,1079.398424699039,881.7417029454728,1056.4873709581375,2948478.96,3684740585.34
18-06-2022,1023.4290546273782,1027.4737218042553,828.6690598044469,931.3877084622648,6295062.59,3248426989.66
17-06-2022,1005.9471828629959,1042.9345405937217,984.6106100615951,1023.4297525862316,3418781.63,3569444604.13
16-06-2022,1155.8459272828138,1171.951447622415,995.4225081690478,1006.1523331329656,5813939.15,3509185664.54
15-06-2022,1151.9883538825204,1162.2095995260845,959.763515742429,1155.190223118063,7480098.77,4028989286.5
14-06-2022,1152.0825001142364,1187.363607146843,1032.5050654400284,1151.9921361100335,6269784.81,4017835228.9
13-06-2022,1390.6905591005866,1393.5918768055926,1099.6308051090666,1151.9014058345083,12229566.53,4017518786.37
12-06-2022,1470.8217326669871,1479.074896741588,1378.1071463912654,1391.4701986419534,9928511.53,4853069572.97
11-06-2022,1574.4785926954185,1597.479419885668,1441.7662303364293,1470.4757237323558,6957730.25,5128619354.99
10-06-2022,1733.317877500014,1746.163431925491,1567.7190839972475,1574.4781214143638,7970367.84,5491351429.45
09-06-2022,1743.4336925457476,1776.372567925172,1730.044019062519,1733.3185421619096,11789039.78,6045343612.42
08-06-2022,1774.3676005323139,1787.7603419735713,1729.2504522589245,1743.578922611256,1786201.28,6081129028.61
07-06-2022,1813.9133072570812,1816.313858204911,1681.8705324525552,1774.3468851516634,1175565.21,6188439313.06
06-06-2022,1766.2386656995595,1866.5240165016191,1764.0998250111297,1813.786391797309,848898.09,6325993584.7
05-06-2022,1760.2550250341033,1777.946110467689,1738.7289423616317,1766.1185350653216,370740,6159741066.07
04-06-2022,1735.788565336592,1770.736100023189,1711.1396615398478,1760.1977939434632,176132.42,6139091131.48
03-06-2022,1792.3945944422117,1795.5809296910045,1702.3693357211732,1735.8085058260863,702572.57,6054027928.41
02-06-2022,1784.67476587759,1801.4136531498161,1751.576502616971,1792.1787339151742,575763.9,6250631951.29
01-06-2022,1901.8132751047224,1924.2019769710762,1736.5961403528013,1784.909894849902,645595.04,6225280217.75
31-05-2022,1954.1710679877026,1960.8649163546456,1888.8456233146676,1901.566612481552,684641.52,6632147118.22
30-05-2022,1769.699842545935,1963.8851021571973,1756.8608927472608,1954.1321364011571,776173.01,6815481367.83
29-05-2022,1754.2296112124343,1777.7886217627731,1723.8178249933164,1769.7288587318276,2312391.92,6172332893.01
28-05-2022,1717.512150276327,1757.9214429304009,1674.6031556945914,1754.226773470981,912878.95,6118265836.19
27-05-2022,1760.0918025521407,1769.3687930942,1671.0440026214253,1674.0016730027728,1664201.65,5838462506.98
26-05-2022,1898.4360202229957,1918.5627128370863,1708.0652624208503,1761.2691941193407,1434876.51,6142827883.87
25-05-2022,1930.1466627635216,1972.0974282702603,1892.9313179534183,1898.4359538578963,714305,6621228232.48
24-05-2022,1928.9148969318721,1946.4019195596586,1876.037801297503,1930.1467335946645,859034.24,6731826806.87
23-05-2022,1994.9647605554208,2030.3358449485893,1924.1047040038384,1929.0291539925547,744777.19,6727928993.2
22-05-2022,1925.2273775456229,1995.0827064967236,1911.5384857821305,1994.9645416084952,1108431.29,6957893690.78
21-05-2022,1932.4299053192433,1948.3361293926002,1905.703388582822,1925.2241428812304,677567.46,6714658149.41
20-05-2022,1989.5036852512644,2017.8940103753246,1893.2600116390022,1932.6577787097847,1878081.01,6740584649.23
19-05-2022,1877.7754588879527,1994.8323214844525,1873.5767320931645,1989.5418798822766,2680288.3,6938980921.64
18-05-2022,2031.4007286391998,2047.3357563065065,1878.4550613548479,1879.1427127478926,1256450.38,6553938655.25
17-05-2022,1982.812003779267,2072.0432988256016,1976.0586313891158,2031.3999895372694,1485617.58,7084970622.71
16-05-2022,2111.527490381821,2111.527490381821,1952.6723569951441,1985.2921950657187,3459828.98,6924159176.92
15-05-2022,2015.3329690335734,2121.843790350085,1956.7657638693684,2111.296462778221,1641472.31,7363627789.54
14-05-2022,1953.4152287796253,2016.55043935143,1913.175073301687,2016.4405633440617,2690793.52,7032796213.12
13-05-2022,1910.8828417567497,2075.916956335614,1893.5713939025914,1950.6799457695931,7208684.49,6803441065.9
12-05-2022,2066.536987802611,2151.4519507951,1696.1073111564353,1911.8447077336325,5588713.67,6667994318.82
11-05-2022,2322.316851693313,2424.3962651809966,2004.159449176069,2065.023019421279,4331414.3,7202238605.49
10-05-2022,2224.137347828016,2424.285819757789,2191.582822681574,2322.2868491404665,1133704.52,8099504867.78
09-05-2022,2497.5073958077287,2503.832800821466,2212.2681987886886,2228.7542936558602,1527322.46,7773288755.11
08-05-2022,2625.747223712354,2626.1917724380382,2476.591258762809,2497.317524598808,672915.84,8709964255.44
07-05-2022,2687.2344516537396,2689.976787109662,2585.1077136991576,2625.6940935956645,232063.71,9157706809.67
06-05-2022,2730.377573509769,2768.3354132758272,2631.2284204177868,2687.4275196309404,921228.15,9373016208.19
05-05-2022,2913.2022879357046,2938.6078636642715,2697.7448750061085,2730.363784735197,280330.29,9522766222.21
04-05-2022,2773.4652385864943,2952.334846037875,2771.975927615133,2913.217716193515,712462.25,10160510998.87
03-05-2022,2851.3549452427283,2853.268696828722,2747.4807183263088,2773.487894859957,678135.82,9673171388.57
02-05-2022,2828.922658178682,2862.941732564676,2764.8576422282204,2851.1247966940955,775924.35,9943947784.93
01-05-2022,2720.6378688066147,2839.095863970877,2715.516862427676,2828.919984948556,497274.9,9866503441.27
30-04-2022,2804.5966498707576,2837.440823661984,2714.746983455536,2720.022989735268,352315.1,9486700341.95
29-04-2022,2928.445071344031,2937.2129061029054,2761.6137598380533,2804.656022940233,311824.68,9781877341.58
28-04-2022,2883.271112512706,2969.9808659085047,2843.3461494045105,2928.5836229217934,377860.56,10214103102.01
27-04-2022,2803.580742234469,2903.0596855729627,2795.2552669841784,2883.190058112413,427441.55,10055782695.01
26-04-2022,3000.3080298491245,3016.447346835777,2773.6808311749096,2799.3619755249147,732428.32,9763413144.18
25-04-2022,2916.731313279177,3013.4768225009147,2798.380631063063,3002.08279777371,871484.8,10470448232.12
24-04-2022,2935.3999886993975,2960.377947834109,2913.0496621660154,2916.731019640098,881184.56,10172764445.67
23-04-2022,2956.519788065889,2967.1687073872213,2918.8020098026486,2936.01784122334,339452.96,10240031633.34
22-04-2022,2964.0257904861382,3015.059073314567,2930.3674318311787,2956.5394051576136,341243.02,10311605266.48
21-04-2022,3048.8258388165627,3156.3235490268667,2951.5733687462953,2964.113465401507,431199.03,5970218336.91
20-04-2022,3097.3008181842633,3152.4652056845152,3037.0675841943025,3048.782592047188,310943.92,6140756063.74
19-04-2022,3054.875506097775,3104.8975660322303,3020.5042944838374,3097.314192826117,297472.92,6238506793.02
18-04-2022,2987.4625412793657,3059.591037099001,2886.2709333920184,3054.893223289389,506144.79,6153063893.09
17-04-2022,3057.229876709598,3074.1819420648935,2987.330321058497,2987.467480733738,295309.1,6017257214.54
16-04-2022,3033.2600738593774,3068.5929623275565,2986.5295672900083,3057.5800178928052,218285.28,6158475545.04
15-04-2022,3020.069336684132,3041.9438681143997,2954.887937391831,3033.4668152946,198528.76,6109907537.77
14-04-2022,3103.186233955091,3127.198641098792,2978.6974994966504,3019.6333275406946,824552.67,6082044588.8
13-04-2022,3016.2432558793234,3118.012236695607,2974.7634195679148,3103.3648663085746,179923.75,6250693857.44
12-04-2022,2977.9364945368684,3081.9675222417573,2946.646571405566,3016.851695392692,181606.64,6076441918.23
11-04-2022,3199.3068726794836,3202.272989985129,2955.724574298288,2977.5907405212115,316815.07,5997363814.3
10-04-2022,3253.1738677219455,3295.978088159748,3193.5476032377355,3203.265608895012,171182.99,6451910596.35
09-04-2022,3190.0454520540147,3255.1107836287174,3178.8621378153643,3254.5004985003043,231559.99,6555106199.69
08-04-2022,3225.562179679638,3303.772427837109,3173.4674804067545,3190.0427319605037,715490.16,6425277519.29
07-04-2022,3162.58977044012,3255.902874367776,3143.2409552172167,3229.6816378568506,1027496.74,6505116879.56
06-04-2022,3395.369994980963,3395.369994980963,3162.4682697526523,3162.5299610723605,353318.44,6369862215.13
05-04-2022,3506.339566003565,3539.5192047633827,3392.140111572333,3397.022521187631,244524.49,6842169297.37
04-04-2022,3516.6959938290274,3524.383955386388,3401.7647237221263,3503.9700034075267,311573.77,7057579343.87
03-04-2022,3444.962156306406,3571.9393226687953,3412.1244802129195,3519.4086023520176,317685.41,7088675254.2
02-04-2022,3435.899634133261,3529.566015993982,3386.2618716847887,3444.9617379964466,2420085.41,6938726866.63
01-04-2022,3257.2431004280556,3463.4997512518503,3212.9266243610377,3436.3422101392966,396926.61,6921365701.53
31-03-2022,3382.40024352832,3436.4511241047308,3245.9328441598514,3256.9758615468063,231287.72,6560091993.25
30-03-2022,3385.323791561753,3437.2263479057588,3343.475825869516,3381.1864775990807,261308.75,6810272867.32
29-03-2022,3321.48756484437,3470.3778323044858,3320.1899079585096,3386.3641022979823,371273.53,6820701466.04
28-03-2022,3286.5708248706896,3418.7912436637193,3269.240434903282,3326.812372906894,650689.12,6700754361.81
27-03-2022,3136.093668632548,3286.0265570188853,3125.1639377657066,3285.6106449141193,664443.45,6617767217.47
26-03-2022,3100.809955931878,3140.608505041488,3086.4422528874848,3135.324709501215,190910.36,6315066306.1
25-03-2022,3100.473806416255,3180.962860048926,3073.4580600777954,3100.824106804572,853686.11,6245576344.52
24-03-2022,3018.8208690107494,3113.1669631629866,2997.6265923268556,3100.2641696678847,343401.01,6244448537.84
23-03-2022,2963.8986837440307,3032.9036895969602,2917.808212900461,3018.418287886299,324330.48,6079597296.51
22-03-2022,2884.3897953382834,3040.288075549742,2873.7193180318764,2963.83367677435,723437.07,5969654796
21-03-2022,2864.3311488596914,2949.9275912478447,2831.026919629035,2884.3331789224944,603008.78,5809527548.64
20-03-2022,2944.0361379207657,2954.833977251766,2816.660478428218,2864.4090995584847,528907.16,5769397133.48
19-03-2022,2939.5313760423387,2969.3678120076625,2894.596392308291,2943.871191423485,1571458.46,5929447024.78
18-03-2022,2811.3182577885223,2955.3365321271535,2757.131306625627,2939.5733248295705,2269219.87,5920790405.44
17-03-2022,2760.298508179083,2823.251545124756,2743.195017146786,2811.2719729951964,529876.98,5662370108
16-03-2022,2620.940614579082,2784.958071880859,2601.9850678690586,2760.1768693503977,672877.13,5559456056.88
15-03-2022,2584.3461102255783,2661.027280836198,2508.1560355665224,2620.90015861819,392202.42,5278929558.14
14-03-2022,2504.2460030160228,2600.2707013937415,2491.8184719037213,2584.330871867271,773775.18,5205272922.23
13-03-2022,2567.7477437262623,2601.282646555381,2491.0854447372153,2504.942619841466,389013.7,5045371756.66
12-03-2022,2551.2354314314434,2607.400725107973,2547.4023683255814,2567.9562906099945,158134.12,5172291787.59
11-03-2022,2602.163656902753,2669.924012971616,2518.091761085653,2551.157021854328,527400.51,5138455261.58
10-03-2022,2725.252693702383,2730.792376496876,2546.9118354347706,2602.5673677102345,465069.61,5242004263.03
09-03-2022,2572.1842807547378,2763.73960761886,2567.356983125723,2725.3464864098355,489820.26,5489301862.94
08-03-2022,2491.421842500955,2618.1434100476913,2483.9915143853123,2572.363246472886,1178253.79,5181168130.89
07-03-2022,2549.9013902356405,2636.550937219167,2444.413125462374,2491.440635086258,1466840.13,5018176509.95
06-03-2022,2637.917346450844,2683.86883140551,2546.7159123223782,2549.643496911892,255332.2,5135406770.19
05-03-2022,2605.867735306487,2673.8259666704057,2581.3117459176033,2637.9108491538746,150593.32,5313191922.84
04-03-2022,2828.7336813538554,2830.96762972024,2573.571704796297,2603.2965654377317,588801.53,5243472988.74
03-03-2022,2941.4057967494136,2961.514395773142,2787.7057207431094,2827.5495909840092,481777.15,5695155942.46
02-03-2022,2945.6378656277398,3025.9619045683125,2900.103876925003,2941.4219885772104,377739.27,5924513922.21
01-03-2022,2917.346206116307,3032.9630273743765,2869.5798851597897,2945.645673360138,574582.64,5933021127.03
28-02-2022,2618.3451094970087,2942.7141617980806,2578.206408020396,2915.3612392886766,1912149.66,5858473020.7
27-02-2022,2774.06204341259,2828.7857952510085,2564.175696591777,2618.2417699819293,494042.51,5206375595.23
26-02-2022,2757.6431146716,2848.9370757268857,2736.76825455474,2774.24184829685,188945.1,5501999082.47
25-02-2022,2587.6192160512705,2827.787492827942,2569.7609045855575,2754.1894546971794,342345.75,5441586386.62
24-02-2022,2576.4022353841056,2697.6719873863135,2306.4362344643396,2587.441225234385,1180846.88,5103293129.07
23-02-2022,2632.865347391227,2734.511505422469,2577.002312856954,2584.9613404742413,846700.81,5087679460.36
22-02-2022,2560.5713692554914,2639.528730808514,2500.3209848479946,2632.841932645025,1170696.94,5099277302.94
21-02-2022,2620.9491683599144,2746.1706020739057,2557.328919723301,2562.4712699313036,803571.39,4884994077.23
20-02-2022,2760.7869967384104,2760.7869967384104,2577.7414821425377,2624.2384780040124,1281448.8,4995761924.13
19-02-2022,2774.3137565909637,2819.2397146412104,2694.0627463751666,2759.7959699399225,252732.69,5246545875.44
18-02-2022,2877.1295195556677,2934.822073951984,2747.124923732961,2774.7951829383865,363673.95,5262387297.94
17-02-2022,3120.236717898694,3150.3090081828923,2853.1023963684956,2875.5608712887924,549933.28,5436379565.24
16-02-2022,3181.560425195945,3183.869595443949,3045.4344408080865,3120.791823017065,409179.78,5870927017.35
15-02-2022,2930.3800913542264,3187.430416239244,2907.471212380224,3180.049183248621,729708.46,5966740310.7
14-02-2022,2875.6758712491956,2955.4740916033743,2830.096167136603,2930.185699655056,304794.09,5483434898.78
13-02-2022,2913.99562371014,2940.3347388682855,2835.2216566732586,2880.983425987595,256501.83,5383496921.93
12-02-2022,2913.69971080337,2961.0902315077687,2851.218307279749,2914.830247237996,227890.7,5422395228.27
11-02-2022,3061.655968494224,3119.6404311122283,2869.9148037785694,2914.333181614462,423612.59,5415602701.77
10-02-2022,3237.9482524536274,3259.5589883764583,3057.744766585226,3061.7588564037433,1301500.46,5666704399.75
09-02-2022,3114.5882058654634,3260.4213065737144,3054.2301211983477,3237.8941707876675,365439.01,5965933411.32
08-02-2022,3140.6894504872553,3219.316639043561,3026.0509963726454,3115.1014255662976,592988.77,5730661263.38
07-02-2022,3045.910989936365,3176.1665017743544,2985.2355075412743,3137.8258377182883,742153.98,5741842020.14
06-02-2022,2998.569136220819,3051.4932435057367,2947.9365883799564,3045.9187212017027,214953,5560468312.15
05-02-2022,2983.8541730735587,3046.3557228058653,2949.019044512233,2998.308838120954,309610.65,5459877470.64
04-02-2022,2673.6986718402904,2983.8298406680565,2655.665036343626,2983.8298406680565,711572.38,5424989644.51
03-02-2022,2670.3802732853687,2708.8302691708386,2571.682507725636,2670.8706973339386,282335.41,4813111235.33
02-02-2022,2790.411976591701,2803.9263359937895,2615.738875605078,2669.827956877088,397658.28,4805534146.09
01-02-2022,2678.902472268632,2801.897733404433,2671.459041900535,2791.440641685013,586800.02,5018428942.14
31-01-2022,2592.1224176343017,2696.375096889915,2462.653981029741,2679.250687348427,694651.18,4812380566.36
30-01-2022,2577.101524859915,2622.6101365827103,2531.740619003131,2591.9593869061437,382862.57,4650947430.47
29-01-2022,2539.38860636383,2623.345049662149,2508.706130398165,2577.1254891307076,522529.77,4614191934.68
28-01-2022,2418.514283071991,2550.72529430035,2353.447756349306,2539.6614583500973,1089990.25,4538432056.61
27-01-2022,2459.898496639416,2556.573781878248,2311.4452469444127,2418.656524193042,1540748.95,4309925462.13
26-01-2022,2453.5384428884167,2703.6678919111614,2372.0261986481833,2460.5860105921583,899688.88,4367996080.82
25-01-2022,2432.2302706142073,2493.437737709829,2350.5582535873505,2451.541090517732,514996.91,4345384187.32
24-01-2022,2536.35313176812,2536.35313176812,2159.16002695132,2433.4106907730597,38698733.21,4308712749.5
23-01-2022,2398.751432062871,2541.5233735270476,2377.5038900004574,2533.004447319652,24394668.81,4469245565.85
22-01-2022,2551.7873775672692,2611.8886592025356,2316.0251522924873,2398.1025739700176,162557248.84,4137097308
21-01-2022,2993.6884936563024,3023.716374413771,2469.500918285549,2545.7275824409053,22568174.96,4342662887.31
20-01-2022,3084.9132877519,3260.823134620019,2988.668703006493,2991.5956769742747,64222393.89,5088509522.94
19-01-2022,3155.88071277848,3165.5534749839353,3045.2625696500336,3083.71709808361,9416066.09,5243638449.35
18-01-2022,3204.2422228307137,3233.959138738285,3082.944944324683,3155.6015538854895,2811547.4,5358580748.14
17-01-2022,3352.446281202429,3353.4019604286154,3143.039587183024,3204.3143776151046,18669345.68,5436949552.58
16-01-2022,3330.3882466287305,3378.17236594915,3279.4363361399724,3352.603406718611,22583532.44,5678136860.39
15-01-2022,3301.342823993139,3361.28836099194,3266.012300826454,3329.9730933121728,3787431.17,5634241045.06
14-01-2022,3237.5533677610456,3326.7971259105343,3194.3846966240303,3301.742484674809,9197809.43,5579665979.09
13-01-2022,3356.344791652479,3400.0706630693567,3234.8019074590115,3234.8019074590115,22070189.82,5461636887.6
12-01-2022,3222.9560770092226,3393.85037846489,3171.716130190406,3356.176133884814,9113643.09,5655699712.87
11-01-2022,3075.1194007023882,3251.6348553987364,3028.5280719269917,3222.813058365763,12131641.39,5424671142.72
10-01-2022,3144.5149766088593,3162.6455476617243,2931.7175282640924,3075.015899792712,20905611.75,5166305779.04
09-01-2022,3067.252885704828,3201.1160276771748,3050.1695209740365,3146.0737738944504,2981041.18,5272203931.08
08-01-2022,3174.067040680876,3226.1420908838313,2987.0674515819323,3056.949656538551,27363742.34,5119063597.34
07-01-2022,3402.6148887623112,3403.528388270904,3066.8658735985205,3173.449032729385,107624104.66,5305890780.63
06-01-2022,3521.152169910519,3522.30854529735,3307.658030774721,3402.593689327772,26374866.04,5669312582.31
05-01-2022,3782.969041346801,3830,3434.3510846346003,3517.228949174963,11938141.91,5853521422.97
04-01-2022,3742.5963709816833,3870.02576078798,3712.4207993331797,3782.8630976236527,3260074.53,6283208586.6
03-01-2022,3794.878048941982,3828.30048873997,3685.1120195028384,3739.3253236165374,5392356.84,6144128974.63
02-01-2022,3741.933731168024,3809.183702207784,3705.496442190202,3795.1919125014574,9486002.4,6223601084.55
01-01-2022,3663.148348515594,3742.778476780153,3647.4999832128533,3742.6698881663497,7943536.01,6108262093.21
31-12-2021,3695.9808994095238,3781.563903836158,3622.550929155307,3663.148348515594,8974768.64,5969184166.3
30-12-2021,3609.7037923986163,3743.6887535821143,3573.7933302708298,3695.7517148813536,908830.44,6012808505.53
29-12-2021,3778.303387362961,3804.0218080006052,3591.313040775613,3611.3579731503987,9061325.57,5870429011.35
28-12-2021,4014.9166583855754,4014.9166583855754,3748.980146207328,3778.3635132466,6005607.48,6134680351.47
27-12-2021,4043.766990577071,4100.748004405948,4010.8887466532924,4020.4335407951885,4870015.05,6521097089.16
26-12-2021,4072.9354796850794,4080.951471474899,3991.8229236062975,4043.6205669382343,6890386.26,6548552141.17
25-12-2021,4022.190631731217,4108.3015072116705,3998.5703616999294,4074.8854574659945,5737549.49,6592159789.56
24-12-2021,4082.7692064998837,4108.407047243129,3999.535699187195,4024.2174422141825,4166993.01,6498373369.44
23-12-2021,3959.08146990153,4115.976308727004,3876.5384828835413,4083.5651619621594,6645613.84,6543776814.5
22-12-2021,3998.3300456145726,4051.330706732722,3925.339462700295,3958.04046868549,7178436.1,6336465195.21
21-12-2021,3917.0006863062954,4037.1817589369266,3898.0857205190323,3997.678874609828,26853928.99,6391865456.93
20-12-2021,3898.144954078725,3956.718739797719,3740.2498446594363,3913.554559095114,10212313.14,6252866337.07
19-12-2021,3933.2514635296234,3987.667188638556,3871.8856445006218,3890.6929467225605,20105321.01,6209515605.31
18-12-2021,3852.7067252514953,3965.7805298685644,3750.7089741017426,3931.8950695081244,3871005.77,6216052691.89
17-12-2021,3935.879299852748,3965.82769908555,3689.528760977252,3860.490389448224,10322273.08,6098866587.63
16-12-2021,3990.287840339371,4081.2266809869584,3929.578775803862,3930.1881090799593,15164100.85,6201220149.2
15-12-2021,3833.8384656500657,4054.8471885049094,3642.1693833946433,3992.4396512245335,15122638.02,6286862440.96
14-12-2021,3755.2967231002613,3840.664126078386,3674.7335509788936,3718.7696519712563,6222797.23,5847464124.88
13-12-2021,4104.045594154797,4113.486641369634,3653.6474627846123,3753.823082392447,9372548.04,5898579216.47
12-12-2021,4051.687997665905,4140.322745654523,3961.4739799542253,4101.748448628219,12152973.96,6432303532.36
11-12-2021,3879.3916064786417,4062.003589025827,3816.30790657991,4056.700602734826,10243306.88,6354756606.82
10-12-2021,4090.5463461009745,4194.126978232007,3868.704753106349,3886.3730225057234,11170984.78,6057635344.34
09-12-2021,4401.400479497262,4447.265960361317,4049.5512355239034,4093.113402291386,4643572.61,6371069252.59
08-12-2021,4280.397486924097,4419.616297799699,4204.869289877663,4403.260873250373,11042794.8,6847158259.09
07-12-2021,4327.363132837066,4395.465735623862,4235.115134818425,4281.05174983155,7530355.72,6646355270.99
06-12-2021,4168.199112645154,4342.651305543924,3904.991930350145,4327.179705165003,21178028.17,6652570745.47
05-12-2021,4090.2781195566918,4213.7025448492,4016.4870309114062,4170.846282076443,3743826.7,6405408074.04
04-12-2021,4192.711197386603,4213.792028667249,3519.18004211208,4090.4249598980864,8274211.08,6268603869.3
03-12-2021,4483.131086728439,4615.754065788507,4075.4386515155043,4195.860925294962,12085611.74,6420499997.38
02-12-2021,4554.5259452026785,4599.619145834364,4414.122832932332,4483.971093364791,4493614.77,6814376467.82
01-12-2021,4592.504820524917,4744.920125475981,4500.389163304571,4555.118102943565,14478284,6913887333.36
30-11-2021,4416.79827901987,4718.213676750949,4327.910524303635,4603.83967792757,11306550.55,6975174148.3
29-11-2021,4264.729182436301,4429.451851107343,4250.086072792161,4411.442827211332,11351336.66,6660714604.29
28-11-2021,4068.2578174901423,4267.328522591657,3961.7819223065308,4263.228473203797,11542955.79,6432415558.74
27-11-2021,4003.519411525556,4156.752116182356,4003.519411525556,4056.0855628972913,10735400.51,6113348128.97
26-11-2021,4489.004935383528,4518.167001822546,3910.6949657726636,4005.9311735832025,10459815.63,6024056235.27
25-11-2021,4245.352954541149,4518.316432718176,4220.122198382563,4253.855074778634,10929948.67,6387927248.25
24-11-2021,4315.158173163713,4342.0655057904005,4151.870232742767,4216.8583381756935,16500402.46,6312849569.99
23-11-2021,4063.8641810508443,4356.924873204926,4045.44962677566,4315.482104292607,16244897.24,6459456276.83
22-11-2021,4243.873804428854,4274.232946975231,4009.4489769079987,4066.8387919792963,15233473.87,6080354995.32
21-11-2021,4379.599352373605,4391.058014993801,4230.554958261247,4230.554958261247,10829337.01,6309115386.84
20-11-2021,4269.118676423821,4404.421346070658,4182.6579833312135,4380.911194576599,4263025.18,6522054758.41
19-11-2021,3967.198005936162,4282.475653624764,3956.95330387977,4273.412133113034,89909857.78,6354157828.5
18-11-2021,4254.260094740606,4309.368488613691,3931.4901350723535,3968.606359259069,9661593.16,5888528858.26
17-11-2021,4187.090201273206,4353.973139515242,4082.2961439473006,4253.117320436992,7020765.74,6301783920.6
16-11-2021,4527.986202861718,4982.427225819274,4119.984945286473,4193.006493962349,10391055.31,6202445972.92
15-11-2021,4592.173045425331,4729.300796047306,4518.0955593042745,4533.257086905457,16536272.97,6690019045.46
14-11-2021,4619.769484616948,4658.699618636919,4485.4555900690075,4593.057410100622,8245268.8,6758104175.95
13-11-2021,4631.24997718077,4664.22492563382,4554.53668177038,4619.343769126534,4060858.66,6788003967.48
12-11-2021,4692.9463077065875,4775.856085812722,4483.918839609036,4635.129573879606,7323511.33,6797439671.99
11-11-2021,4593.736610687016,4743.185175806595,4544.365984696306,4690.418884517105,18034984.38,6870135675.64
10-11-2021,4701.675626274658,4823.692663100671,4459.463203533862,4593.1954180143275,10263447.48,6719848921.54
09-11-2021,4775.900610256102,4802.454308980479,4684.552403385673,4703.685613162199,7272011.74,6869961388.43
08-11-2021,4589.171809293467,4788.200913525035,4588.385561923819,4777.917107611179,12290721.02,6942812926.59
07-11-2021,4493.88290088779,4609.404883680302,4480.99943568283,4588.470619629406,5605992.87,6657641266.35
06-11-2021,4452.738214564969,4500.22597893403,4309.683758147094,4491.883025000239,4444065.7,6510124265.11
05-11-2021,4508.575149439635,4541.830443063339,4421.856125974516,4454.97813781748,8380486.5,6444681982.91
04-11-2021,4573.983478320806,4576.2330289396195,4400.432137577943,4510.127486401782,53952788.32,6518503906.99
03-11-2021,4559.967308015908,4634.341954378784,4435.641197886889,4576.339152538611,7451376.86,6594667329.98
02-11-2021,4295.123709849834,4569.732615471608,4261.528525506347,4555.104546637433,6410506.27,6557588168.3
01-11-2021,4260.849945494119,4349.867821596349,4135.245957136535,4297.760070759904,18204028.78,6178183161.68
31-10-2021,4295.6825539243755,4364.005425067314,4152.056727868168,4260.03829673345,12224851.18,6087051954.23
30-10-2021,4385.570953922355,4398.077840629451,4223.174129496101,4290.881525090655,15812415.4,6121216580.02
29-10-2021,4260.864223840709,4427.069200669089,4247.542244914454,4385.494879294865,13700208.01,6250447480.16
28-10-2021,3900.767296955082,4266.695843627332,3891.110851541333,4260.590139637132,22117244.58,6055051300.23
27-10-2021,4105.33937339901,4272.623496427209,3910.1614821841877,3910.208527240328,14585358.17,5552610954.4
26-10-2021,4189.20249580089,4261.908854857204,4080.767787957503,4105.769700709015,15031920.25,5824766171.07
25-10-2021,4058.4327079155787,4208.303623953507,4046.143839346644,4188.113839816418,19829898.54,5934974260.64
24-10-2021,4144.091603119873,4158.0643498194,3941.8991908134426,4062.3093496322394,157928644.72,5748014878.77
23-10-2021,3947.2878536563735,4143.188486025119,3920.728571825237,4142.174803568696,188932211.94,5852276157.1
22-10-2021,4029.526948479951,4137.5354235993,3884.6821045674833,3946.125178214254,157719989.69,5567691939.75
21-10-2021,4135.324373343052,4339.042961228728,4007.638207891413,4033.9235720624097,158970163.25,5684362971.97
20-10-2021,3851.841990332429,4141.04577930872,3807.691307096173,4124.607728687751,174213975.36,5801167061.87
19-10-2021,3722.7201497169626,3855.914276692974,3710.827672937623,3851.2214696520405,178114939.23,5407353088.31
18-10-2021,3818.827719218282,3859.636351939232,3659.9434188706227,3722.7234094902246,137335754.64,5213717492.23
17-10-2021,3803.026650243122,3886.4809318113116,3633.9930837828642,3820.0703710460693,145018890.32,5340656850.11
16-10-2021,3835.88895154915,3933.2470041925426,3778.761646192115,3805.1783735173217,160325953.64,5310182868.17
15-10-2021,3759.7223580930568,3868.023093296338,3709.647440141018,3837.466884626522,159970486.56,5347369674.83
14-10-2021,3582.4314302636567,3794.4916704171023,3566.6210546482557,3761.237249310843,178402690.53,5235340677.54
13-10-2021,3467.5788971970396,3583.820039308925,3393.87593228601,3580.622111944462,150856857.87,4978682755.3
12-10-2021,3457.8064053632793,3518.183936267044,3311.862055430058,3468.697822903588,137193477.97,4818724238.19
11-10-2021,3376.7190861185063,3552.2053557894205,3353.3580402932485,3460.059873599548,145628454.79,4795398292.72
10-10-2021,3544.8674152499925,3595.7248280529475,3377.279826447243,3379.820227927663,145270038.49,4666279566.63
09-10-2021,3450.2946683526748,3648.1366145997536,3426.6080806597893,3548.891165442169,149177049.79,4893581115.03
08-10-2021,3527.69681851644,3706.949731788622,3444.3992914890523,3451.444399240713,157253500.38,4751788451.48
07-10-2021,3490.529006530767,3704.854118252683,3393.380509059515,3532.018313403828,176265157.76,4851604288.17
06-10-2021,3480.0361493605806,3568.639371352144,3262.120678148994,3488.428877881746,158871227.14,4782942722.97
05-10-2021,3377.929941338794,3482.844552981531,3342.621208384159,3479.141650097133,165522056.34,4755178467.55
04-10-2021,3416.7620882108995,3436.5661116029028,3253.375806145602,3376.08833784856,162050125.18,4546663985.39
03-10-2021,3328.92712706918,3520.5867528490726,3281.4326025712935,3417.3558479553594,179098658.42,4565490184.17
02-10-2021,3263.5778842522,3493.955426377873,3213.2691915848873,3329.407655412128,191930686.39,4432217799.16
01-10-2021,2994.878854317355,3284.583593034304,2966.892463289762,3263.2738806480143,202323637.98,4337382943.13
30-09-2021,2832.7270844667883,3037.502576785217,2823.3420258019646,2995.4097369318033,183754548.58,3975323347.08
29-09-2021,2806.254470706363,2981.8134189745297,2773.969394020616,2830.395391842611,171355611.94,3733620590.87
28-09-2021,2924.911460068332,2971.094726775204,2780.7734632419606,2805.6592385661484,172661733.09,3693891329.8
27-09-2021,2996.774558992993,3119.586406703861,2926.1300898078885,2926.1300898078885,171109399.03,3847450055.99
26-09-2021,2897.00767832341,3087.4960269794988,2715.666045112664,2996.1441856068286,194559442.63,3933851133.07
25-09-2021,2904.6098526822143,2935.7539435854555,2806.045464502052,2898.1741992320262,180009548.16,3801524224.53
24-09-2021,3140.7643465662804,3145.534372083147,2765.3346665806425,2904.7480071494306,172225222.3,3804184894.77
23-09-2021,3042.921539979141,3154.0764706294185,2995.033049937246,3141.2101175018724,187702825.77,4105132188.93
22-09-2021,2740.105597693476,3053.641422395766,2730.5437845763595,3041.4968226383776,198086515.45,3966396955.51
21-09-2021,2943.9622447407414,3070.4940701110977,2660.0202948974734,2736.1147867284812,170677738.08,3563388317.78
20-09-2021,3309.180907206943,3316.3148412424866,2892.793050697261,2947.750980649781,189132358.47,3828186224.09
19-09-2021,3430.568737717538,3431.8923042772917,3266.8138888140347,3309.4058049910113,208389719.03,4292250033.69
18-09-2021,3360.8612370160645,3568.554810497779,3346.990438008946,3430.318513135643,209339520.51,4439131761.09
17-09-2021,3558.5995116913596,3564.5247985694327,3332.636777485264,3359.64399409575,199427986.9,4336634752.3
16-09-2021,3559.0465444424367,3718.651941318411,3493.6837069949283,3557.751610676274,210684724.5,4574828991.13
15-09-2021,3400.3554042448372,3546.323904125819,3343.793911260267,3545.408238411705,193402519.93,4552747130.37
14-09-2021,3223.068079578199,3398.4949045442327,3187.8384817217134,3398.005387378404,203380023.13,3870081718.78
13-09-2021,3346.17218723,3362.26337102,3141.7381924768374,3224.4677601768417,194780928.96,3672434946.05
12-09-2021,3204.07069685,3392.55458566,3169.66958676,3347.90127912,203564403.63,3813016772.94
11-09-2021,3161.83656399,3288.83057626,3161.83656399,3204.056678,317408484.58,3649188203.62
10-09-2021,3257.37378523,3438.12360687,3111.03487573,3164.25692401,226648999.67,3603859170.04
09-09-2021,3317.71014346,3508.67558844,3256.64952731,3259.59502558,185603170.93,3712442353.98
08-09-2021,3341.42938867,3380.70553746,3326.35580311,3352.73205325,171935407.89,3818518674.36
07-09-2021,3953.34742249,3970.01953865,3290.66411167,3341.99352382,152115759.76,3806288268.08
06-09-2021,3995.93533363,4084.63412983,3692.10617098,3953.04748745,162825743.03,4502234420.08
05-09-2021,3914.86374031,4024.27116102,3828.34191408,3996.59845581,169577271.78,4551835814.8
04-09-2021,3945.54178058,4070.2214641,3863.22281006,3913.2993237,176351046.23,4456964144.03
03-09-2021,3696.25420849,4025.32283997,3666.70562424,3944.61837324,189614189.59,4492634270.26
02-09-2021,3722.71242657,3815.10870072,3691.79881397,3696.78647999,179010059.02,4210371716.19
01-09-2021,3435.55870935,3869.01774064,3370.23162922,3722.6694058,189817290.26,4239850491.69
31-08-2021,3233.96220092,3525.7606119,3203.36601019,3435.94697872,184620000.2,3913294439.87
30-08-2021,3220.82896307,3356.12233704,3150.40771774,3232.54959752,180369043.93,3675804962.12
29-08-2021,3235.44416099,3271.125121,3146.54129146,3220.92172357,206638955.58,3645108166
28-08-2021,3190.4255739,3284.23304431,3127.37764647,3239.16398453,212994098.15,3623154440.22
27-08-2021,3120.08651466,3268.20438767,3092.05197566,3190.41330448,210585839.01,3334664544.13
26-08-2021,3226.81755622,3246.33024139,2978.1397888,3123.72705104,210746404.93,3157157619.59
25-08-2021,3196.36808047,3288.71620036,3071.8234563,3226.81755622,210798425.62,3230264321.8
24-08-2021,3288.50681648,3386.5354542,3093.73329263,3195.63863414,192703351.08,3147417037.01
23-08-2021,3240.85524747,3498.33087007,3229.74544897,3288.2840956,201549911.1,3215715556.53
22-08-2021,3182.97892935,3253.63847078,3182.35827156,3241.20477935,188888210.84,3064892119.06
21-08-2021,3275.09417774,3321.01534674,3183.94609751,3183.94609751,210068440.87,2941798373.82
20-08-2021,3149.08655101,3313.25580524,3102.81570444,3275.53741121,220202877.94,2933248799.68
19-08-2021,3041.56146696,3155.84404575,2945.57786507,3147.75427746,211073727.04,2783405467.28
18-08-2021,3079.79173032,3100.70037896,2953.83579499,3044.88283281,178828819.3,2588458602.34
17-08-2021,3159.58758861,3272.14029176,3076.18098261,3077.91710419,125917768.57,2577831228.94
16-08-2021,3272.246848,3482.15424279,3063.34349288,3164.44521661,144622969,2602092074.44
15-08-2021,3273.11435545,3309.35344873,3179.97636828,3271.19121563,158757015.52,2637819692.27
14-08-2021,3300.43271993,3357.09213568,3227.32352473,3272.4246345,164342433.61,2552161473.98
13-08-2021,3089.31313929,3319.97741721,3066.66412419,3299.65131518,163009620.03,2525132844.11
12-08-2021,3192.900926,3263.00728435,3033.31429675,3087.54260707,146549514.12,2344212674.6
11-08-2021,3128.85212485,3280.36574151,3101.9234445,3194.39224513,163104686.35,2414201081.13
10-08-2021,3145.25907166,3187.44043535,3065.96427629,3129.47586208,159660396.25,2359090682.25
09-08-2021,3000.51317028,3164.49303464,2899.78431908,3146.10721112,160619156.3,2357871867.95
08-08-2021,3086.55873733,3165.18156794,2953.60169799,2998.35749103,141898427.54,2240267750.99
07-08-2021,2799.28178504,3129.63139536,2758.34221521,3087.42744352,162019282.58,2302728722.89
06-08-2021,2796.73133891,2917.48944357,2704.03392665,2799.04157382,157896737.92,2064774220.13
05-08-2021,2756.13221726,2810.70605341,2546.8799574,2796.52554865,161709871.05,2057487661.74
04-08-2021,2507.84147261,2820.14201172,2451.70451532,2756.00441872,141949207.8,2007663442.2
03-08-2021,2603.26432735,2618.1994064,2455.18185735,2506.59964211,112484088.27,1814753594.69
02-08-2021,2586.43242699,2679.91631242,2546.61606179,2602.39582552,114789672.11,1814433773.74
01-08-2021,2541.44344805,2677.48305673,2368.373934,2587.74007065,122928321.99,1800154460.22
31-07-2021,2461.74143908,2552.90278878,2275.91596929,2542.30769688,107168112.93,1749166716.37
30-07-2021,2343.16493285,2461.15023817,2305.84234442,2460.11460579,79974119.89,1687025175.13
29-07-2021,2281.24881232,2361.58657664,2211.0091477,2342.5632432,60452439.54,1585576013
28-07-2021,2276.33906527,2338.41835275,2246.16334025,2282.55955755,57051980.07,1539488471.74
27-07-2021,2258.67056609,2299.61769968,2230.20010251,2275.70304194,55888033.09,1530976959.39
26-07-2021,2164.04626678,2424.13899327,2157.05896441,2258.85775293,56261450.3,1506812233.3
25-07-2021,2181.1635957,2188.13037078,2106.30083791,2164.715448,54191507.38,1442478186.21
24-07-2021,2113.48999061,2186.58709233,2077.16228852,2182.64840605,54701039.23,1452672784.78
23-07-2021,1987.24775696,2210.54661958,1986.65706891,2113.17280603,55599083.74,1404745300.97
22-07-2021,1961.70614846,1993.32898019,1943.88145449,1987.19748127,54734547.56,1319283186.2
21-07-2021,1776.22538922,1978.6048002,1758.28441744,1960.89923079,52640463.26,1285893756.64
20-07-2021,1823.09162268,1832.6098616,1747.66628147,1776.9940186,41378167.4,1158591893.62
19-07-2021,1979.49437577,1980.51878393,1822.65240604,1824.29714678,40548918.97,1178768730.53
18-07-2021,1900.75344392,1980.25167013,1867.77243493,1979.56615212,44077555,1275813353.83
17-07-2021,1867.73700746,1916.79366114,1858.72970007,1899.57449518,42689321.39,1222537999.21
16-07-2021,1904.42917578,1952.57553015,1860.19576018,1867.04819827,42994615.89,1200391506.38
15-07-2021,1999.78079159,2040.18647287,1877.93689866,1900.77685573,45236116.58,1216654530.71
14-07-2021,1940.08698818,2017.74622327,1874.46608435,1999.49304992,45632143.35,1278357840.07
13-07-2021,2017.52292427,2024.58542219,1925.57134255,1940.88106631,47074036.97,1237819281.59
12-07-2021,2140.75426844,2224.18976118,1954.61502453,2018.3221444,50015786.71,1285426503.49
11-07-2021,2111.17356098,2172.40518168,2083.59273114,2139.95817988,127023.78,1361690722.41
10-07-2021,2147.45947108,2182.50797309,2081.91004176,2110.35680141,70028.65,1341426565.61
09-07-2021,2125.79673479,2181.43574892,2062.10902079,2148.81203001,11190.82,1360854760.54
08-07-2021,2310.31829167,2318.0983055,2121.96838774,2126.74843127,69627.1,1307842311.26
07-07-2021,2324.22012589,2401.53772688,2298.14983775,2307.62141022,14121.4,1398947690.03
06-07-2021,2198.5106665,2345.93330943,2197.84239324,2324.83707236,125822.32,1406325053.65
05-07-2021,2321.93965017,2322.12929625,2162.33524066,2204.33375447,99989.23,1328224026.76
04-07-2021,2224.28538006,2383.6836849,2191.80858694,2321.34118487,318631.41,1365349022.71
03-07-2021,2138.01913385,2229.32733292,2119.99178929,2224.84632248,115143.76,1305500740.75
02-07-2021,2109.79502807,2141.13961677,2011.16979048,2138.09134786,53716.9,1249840608.73
01-07-2021,2274.01771237,2274.01771237,2080.14244044,2109.50043216,24313.5,1228429768.18
30-06-2021,2167.39137914,2279.43534444,2131.51419445,2272.30641645,138089.07,1262825604.75
29-06-2021,2076.72195583,2242.2524758,2073.8009913,2168.14940442,36998.85,1202941411.08
28-06-2021,1932.70717258,2135.94012538,1923.671861,2078.03998484,29012.08,1123558618.06
27-06-2021,1828.44196335,1933.02442517,1814.91677233,1930.93227137,258071.42,1042177225.21
26-06-2021,1812.16465176,1850.13116421,1719.72006687,1823.70538848,360281.02,983359394.33
25-06-2021,1987.43335497,2016.24279294,1794.4046808,1813.10495593,28005.75,976250379.17
24-06-2021,1981.84310397,2030.73780764,1914.78940155,1987.91437658,166744.97,1069251348.75
23-06-2021,1799.82924035,2041.17302188,1789.44903781,1995.70798567,46263.76,1071745799.64
22-06-2021,1880.57226202,1948.03838643,1726.98203294,1799.77619901,32968.92,965743606.01
21-06-2021,2231.32250947,2241.05555945,1876.49261615,1880.71268267,330913.09,1005263091.3
20-06-2021,2171.50280893,2252.30205718,2050.45872169,2231.87520406,158880.83,1187859336.48
19-06-2021,2188.94837841,2263.25004068,2167.87849283,2176.22053597,111900.87,1155426174.77
18-06-2021,2362.04078475,2362.65348316,2170.27543646,2189.13313594,565265.52,1146173378.23
17-06-2021,2340.11507068,2449.55571177,2313.9821664,2360.03518974,29023.78,1230723192.17
16-06-2021,2543.51359334,2549.67643017,2334.30578972,2339.8421284,3942.25,1214125160.97
15-06-2021,2584.81910129,2606.84625697,2520.26456458,2572.41848855,18711.08,1286185849.88
14-06-2021,2497.25319279,2575.68777566,2468.51811326,2537.3505276,23790.21,1262248658
13-06-2021,2372.71043269,2528.28719769,2312.09461699,2496.28370186,17310.29,1238358497.52
12-06-2021,2352.961809,2446.94758919,2266.04021759,2371.88903991,16892.14,1174248320.72
11-06-2021,2470.90867676,2479.65712508,2326.8595454,2350.36218045,264424.7,1142061843.44
10-06-2021,2620.16210345,2631.32138814,2436.2161962,2470.70037208,29777.15,1168313490.08
09-06-2021,2538.42656655,2623.7163886,2415.16479453,2617.60074361,135588.73,1226937584.21
08-06-2021,2587.5205442,2617.78929136,2316.69899587,2542.83421547,9217.74,1179771628.92
07-06-2021,2685.78870698,2847.24171374,2573.17673143,2593.937262,247876.81,1199350922.28
06-06-2021,2624.78687315,2735.62679026,2611.66992034,2684.64308582,6138.85,1235992041.42
05-06-2021,2643.33194624,2798.91442531,2552.08911196,2622.9733841,28284.49,1204968252.78
04-06-2021,2844.14279778,2848.73799557,2556.94343946,2651.59692485,56830.61,1215182226.7
03-06-2021,2702.22277683,2861.9985247,2664.14084944,2843.66075717,30045.22,1298542489.79
02-06-2021,2632.88766551,2819.32672656,2555.82456154,2705.25078037,76691.42,1230258373.02
01-06-2021,2653.77289214,2709.34006495,2527.68997495,2630.69502635,160255.83,1192093430.99
31-05-2021,2380.15871106,2654.56973997,2303.09611335,2646.58744643,557252.95,1193403153.28
30-05-2021,2276.34527472,2462.16143928,2182.59831693,2381.08509883,158894.71,1056206496.97
29-05-2021,2417.67889129,2557.24277719,2206.15658506,2270.62807766,71960.55,1005842032.45
28-05-2021,2728.56445014,2753.9555197,2334.295929,2417.09990562,203139.59,1068492936.7
27-05-2021,2879.28504487,2879.34908289,2634.23123091,2730.59124356,367256.69,1205656321.9
26-05-2021,2692.14668787,2897.10831876,2638.69211791,2876.86124083,215118.19,1217265043.72
25-05-2021,2632.16079062,2732.26109393,2392.25243482,2682.63302953,332221.89,1131473519.81
24-05-2021,2119.39447374,2651.59527189,2092.34944862,2627.02148648,219275.39,1092485417.73
23-05-2021,2283.22175744,2363.93343992,1728.66890977,2122.51058667,257061.3,874944261.54
22-05-2021,2422.68725225,2436.60063748,2282.23339324,2282.23339324,30151.77,938486154.44
21-05-2021,2775.35020427,2928.12850883,2127.79566406,2422.51941985,28816.14,856970380.64
20-05-2021,2500.6954914,2982.50780986,2190.78912032,2770.96037295,42582.95,975908715.39
19-05-2021,3381.81127701,3438.18949643,2019.73663043,2503.0972254,9051.9,880093939.74
18-05-2021,3285.90707654,3558.87057826,3263.43018756,3387.74984917,104288.22,1187500742.88
17-05-2021,3768.84617288,3769.13440741,3108.32578832,3276.17529122,87532.59,1139717506.62
16-05-2021,3643.59846773,3852.88557561,3641.66394123,3767.66156123,86100.68,1305246622.06
15-05-2021,4072.18354375,4111.13196076,3651.61451816,3651.61451816,304006.49,1258150260.61
14-05-2021,3725.07203102,4171.30868473,3716.22455754,4071.86715884,16163.25,1388846221.97
13-05-2021,3947.28674596,3999.8289424,3618.44837644,3724.91943814,94512.18,1265083450.57
12-05-2021,4116.81170929,4354.45209934,3955.26399062,3955.26399062,258179.37,1329927608.02
11-05-2021,3924.78707172,4145.23763046,3843.67703193,4119.52285472,22284.99,1383328131.26
10-05-2021,3905.68202043,4214.35467166,3722.33006791,3924.97125408,243913.54,1317035985.45
09-05-2021,3920.33847123,4033.44697173,3775.20163399,3903.69647508,21325.43,1206645716.73
08-05-2021,3480.2274776,3983.55924939,3407.06479798,3918.58928774,135514.03,1211249135.24
07-05-2021,3554.91419995,3783.1602653,3294.12724842,3480.8245742,136175.02,1073585005.46
06-05-2021,3547.47145787,3644.06200778,3445.90267243,3558.10544359,1168.05,978729696.76
05-05-2021,3205.41306512,3553.19514311,3198.41412992,3547.33938819,23579.99,967171627.84
04-05-2021,3393.49083556,3401.63966233,3203.8620314,3203.8620314,327970.44,832475895.88
03-05-2021,2910.29775275,3418.71626877,2845.25324173,3391.80168768,88360.2,878372025.98
02-05-2021,2938.61202987,3416.67625794,2638.20573562,2852.17453915,30243.36,736698599.26
01-05-2021,2768.05148554,2942.75768544,2754.08988271,2939.21202127,74852.43,755782150.5
30-04-2021,2737.1029057,2781.98490794,2708.80410213,2768.20178239,263343.83,711299674.22
29-04-2021,2712.93032522,2766.30080841,2643.62538572,2737.81780704,281989.73,700630832.32
28-04-2021,2631.88297647,2723.32596416,2534.69798071,2712.07108103,106821.45,693311530.73
27-04-2021,2501.87822479,2650.4322772,2457.22748617,2630.02502529,93794.05,664174969.72
26-04-2021,2292.23108839,2503.47816635,2288.06394585,2503.47816635,355039.95,631211355.19
25-04-2021,2188.28914315,2332.19130943,2158.19933364,2289.29862276,294984.53,576834974.29
24-04-2021,2338.45618479,2342.56273536,2159.38860384,2190.87450913,30300.96,551257529.8
23-04-2021,2387.61742521,2416.49364036,2157.50190708,2341.00076351,74444.72,588405368.46
22-04-2021,2369.91544788,2628.53871773,2322.10016524,2390.42325284,71743.02,599930090.92
21-04-2021,2307.37889801,2448.15226903,2219.05927113,2367.33630715,39625.6,594015924.45
20-04-2021,2142.78221484,2322.84812554,2023.06329521,2304.7098231,37318.65,577785876.02
19-04-2021,2212.2335735,2251.41708795,2066.95938219,2133.56804457,426.42,534578381.86
18-04-2021,2335.57391233,2353.38305848,1986.9907094,2210.59969037,99990.7,503361336.35
17-04-2021,2415.05014299,2487.21947619,2310.24330507,2337.68124574,2495.43,532029804.29
16-04-2021,2490.78796719,2522.07929754,2348.95814061,2417.51557667,26034.29,549893875.97
15-04-2021,2367.12411073,2510.81645877,2366.95855881,2491.37968814,73420.41,566483695.45
14-04-2021,2211.6530315,2381.98769268,2206.1283383,2367.09163911,27553.05,537290252.23
13-04-2021,2127.11244465,2251.72746585,2115.22564904,2207.60686377,5453.42,500865982.8
12-04-2021,2115.40138063,2188.94911674,2050.23785489,2164.14401834,13151.03,445770440.88
11-04-2021,2131.50687795,2153.70829306,2098.71937225,2115.70477032,44953.61,435527153.96
10-04-2021,2063.61735544,2192.07664427,2055.61531299,2131.21374575,552650.58,438541941.91
09-04-2021,2066.32638924,2094.60295518,2045.64039125,2064.52707636,68709.38,401333198.23
08-04-2021,1945.65124684,2069.1731883,1933.80905101,2066.17038009,2456.91,401130448.91
07-04-2021,2105.56185139,2116.78611665,1923.38770225,1949.76407324,86370.86,378315407.42
06-04-2021,2102.24181574,2145.54223002,2052.25137699,2106.24054261,203176.7,407047130.28
05-04-2021,2070.60236514,2131.36789396,2012.97358732,2099.63278102,395032.76,405712935.7
04-04-2021,1992.69470744,2086.17412898,1973.98181636,2070.57953489,115381.33,394907041.08
03-04-2021,2052.75458083,2107.02355019,1981.05496438,1998.59628366,26526.51,381100215.98
02-04-2021,1946.23283344,2071.85087678,1909.85556052,2047.54139444,2229.87,390052529.23
01-04-2021,1907.92257396,1956.48013049,1880.68391242,1945.07282411,2259.86,370310823.75
31-03-2021,1808.19311764,1938.35834193,1756.90658966,1912.58666255,914.86,362215693.15
30-03-2021,1769.12293259,1821.66021207,1718.49642834,1808.50658387,14188.33,342489772.74
29-03-2021,1639.97505907,1791.49262144,1632.82712249,1769.18160567,116125.75,334276707.7
28-03-2021,1666.97142647,1676.13857197,1621.84425561,1640.24603956,996171.27,309783624.12
27-03-2021,1640.46459243,1683.28270648,1622.23491623,1667.6663737,315174.56,314667867.07
26-03-2021,1534.96484061,1639.5298981,1534.90492236,1639.5298981,92241.74,309245060.55
25-03-2021,1534.397718,1562.49433136,1502.79665979,1535.49095609,24009.92,288946682.22
24-03-2021,1620.15076574,1677.92268846,1512.83240745,1535.05936903,240664.23,288423367.18
23-03-2021,1559.45611531,1707.14094964,1549.44663642,1621.16814904,469124.32,304602405.44
22-03-2021,1743.82881499,1759.4872867,1547.94363976,1559.89440711,23786.67,292614372
21-03-2021,1770.80450761,1780.16297733,1714.66741893,1743.53840706,163036.76,326528988.68
20-03-2021,1767.46041241,1824.93777141,1765.59750336,1772.18575627,24670.49,331852714.57
19-03-2021,1735.87790258,1791.65567993,1696.38740452,1766.26031892,581.61,330547517.81
18-03-2021,1780.71089952,1804.0400491,1670.1377402,1735.64194302,9108.83,324476758.1
17-03-2021,1764.80253591,1805.45953361,1682.33271215,1780.35994214,29241.44,332579692.22
16-03-2021,1738.89563899,1765.10664615,1669.55332011,1765.10664615,37157.49,329665652.39
15-03-2021,1808.4040758,1838.59816165,1670.63351783,1738.92712391,22265.44,324694251.81
14-03-2021,1886.49117497,1889.59750831,1794.9237366,1809.26727504,121878.34,337611986.98
13-03-2021,1733.23506839,1898.30232754,1696.01326992,1886.45042628,53408.41,351901705.11
12-03-2021,1769.72341879,1782.07950495,1673.26839426,1733.94550803,58176.96,322898254.33
11-03-2021,1749.39275173,1786.59142724,1681.27726652,1769.47781639,871557.76,328330650.53
10-03-2021,1829.87647745,1838.54453022,1704.83130649,1749.09823904,143178.82,323594000.19
09-03-2021,1782.19726594,1828.80265414,1760.75520939,1828.22494258,551130.92,337828714.49
08-03-2021,1635.35913934,1782.57507323,1570.141202,1782.57507323,621171.53,328178866.62
07-03-2021,1596.55037929,1642.361864,1577.61168159,1635.33201143,61410.16,301046567.52
06-03-2021,1487.09068017,1610.74902285,1468.73086635,1598.3373395,74771.02,294146231.83
05-03-2021,1490.38637794,1496.28698465,1401.0194568,1487.0384072,45784.59,273513517.14
04-03-2021,1536.62653565,1567.62144002,1455.73231116,1490.31918561,158451.4,273259406.9
03-03-2021,1455.02712203,1617.01415008,1447.28848756,1536.89292002,448937.89,281603494.31
02-03-2021,1531.51551665,1562.60708286,1426.74453684,1454.94792009,349033.97,266449630.32
01-03-2021,1387.00595068,1533.61323069,1378.06689722,1531.63198005,453657.17,280114618.87
28-02-2021,1423.75566712,1429.56943695,1277.68825039,1386.97012099,67312.13,253073323.7
27-02-2021,1443.33332914,1505.58433644,1397.04297024,1423.68791799,198672.28,259648464.72
26-02-2021,1461.65121561,1538.5517155,1401.78203347,1443.36684356,130387.39,262728320.59
25-02-2021,1608.06507555,1652.65210844,1452.04382018,1462.03299471,32905.48,265513042.11
24-02-2021,1553.31783183,1692.82941974,1501.16022411,1607.36708369,369208.8,291242321.08
23-02-2021,1767.20246083,1767.20246083,1364.94422297,1552.86181969,112079.17,281238900.4
22-02-2021,1924.50330745,1925.11786478,1564.33739661,1766.50199979,795417.74,319867933.42
21-02-2021,1913.93884186,1959.89661794,1885.10977562,1925.00831331,281134.77,348410850.16
20-02-2021,1950.08739894,2030.55836246,1826.48260438,1913.76739867,637943.51,345509472.66
19-02-2021,1931.28673798,1959.19837447,1890.4032203,1950.08622685,3392486.26,350755687.39
18-02-2021,1828.042461,1946.08363056,1812.00955579,1932.12259814,324347.24,343742688.02
17-02-2021,1776.18627423,1834.35570098,1731.01115328,1827.82291931,515171.59,258735645.53
16-02-2021,1743.82089472,1839.35904661,1704.65555131,1776.18480417,698271.16,251426063.77
15-02-2021,1805.00686567,1833.63082661,1683.91713464,1730.63054221,366715.98,244977675.78
14-02-2021,1812.67375387,1844.33812592,1789.69946236,1806.043177,4674486.64,255652635.88
13-02-2021,1834.31589928,1855.6019517,1763.12508176,1812.81434923,684739.88,256611122.4
12-02-2021,1781.8275107,1847.51426959,1722.89183708,1834.77754132,1304646.77,259720100.09
11-02-2021,1711.08941838,1790.52513349,1690.51385372,1781.58573439,393421.6,252190587.05
10-02-2021,1762.94121633,1819.71818416,1672.86251201,1711.09657662,503251.67,242212564.81
09-02-2021,1747.08960518,1814.21911752,1720.1627153,1762.41414912,668180.61,249476772.47
08-02-2021,1614.84917416,1765.30838706,1572.12353025,1747.38816535,229327.42,47744499.6
07-02-2021,1677.70397682,1689.6643388,1502.44154212,1614.65126016,131391.05,44117682.59
06-02-2021,1720.28150219,1738.86715472,1636.27342038,1677.89138163,1176534.97,45845614.61
05-02-2021,1594.18590176,1759.03357537,1594.18590176,1719.55897961,170494.07,46984113
04-02-2021,1657.63788956,1685.83482731,1558.85653053,1594.27258081,180439.19,43560868.79
03-02-2021,1516.78785824,1657.39864167,1510.87300781,1657.39864167,231308.04,45285684.29
02-02-2021,1368.20446296,1543.51167965,1363.77043156,1515.1094935,1641086.22,41397868
01-02-2021,1326.36391551,1373.2332128,1262.87676315,1371.20050241,303433.66,37465792.17
31-01-2021,1337.26419216,1398.35807577,1274.95296965,1326.36292562,19256.2,36240679.34
30-01-2021,1363.71441308,1380.43296374,1266.47808333,1336.9901668,2891.57,36531051.17
29-01-2021,1369.27883126,1426.26483482,1292.47897351,1363.72144407,288.44,37261439.24
28-01-2021,1253.18713315,1356.33549573,1226.17394719,1333.48270011,142652.04,36435215.43
27-01-2021,1354.59735423,1365.59405264,1215.30176093,1253.26404384,717095.38484347,34243372.95062556
26-01-2021,1330.36608601,1381.41087016,1251.65178203,1351.95997344,57576.34475203,36940076.44473575
25-01-2021,1341.33031539,1483.993947,1308.19569941,1330.39960362,2899.10442302,36350974.89944452
24-01-2021,1230.3490778,1343.75155987,1226.18502247,1341.54601376,8732.10185783,36655532.17256267
23-01-2021,1222.15106021,1267.6638586,1197.5167298,1230.16769143,13233.86716679,33612303.21442859
22-01-2021,1115.11174212,1311.23448304,1040.85552957,1222.07252506,17610.69911287,33391116.14520675
21-01-2021,1342.21504465,1342.21504465,1092.5084318,1118.63371672,12498.66639584,30564821.31209845
20-01-2021,1354.38304033,1379.20498947,1228.92575916,1342.86035491,8875.57951847,36691444.37674112
19-01-2021,1224.85360415,1415.54682679,1222.37875246,1358.80953747,26023.68233451,37127229.4845337
18-01-2021,1198.0931711,1226.78550036,1165.22795854,1226.34192802,95182.06988596,33507770.53934119
17-01-2021,1223.40340764,1247.24340048,1159.23225289,1197.76237355,15937.04262478,32726881.35066931
16-01-2021,1170.86671275,1286.34612147,1156.91919332,1224.33942705,83899.11702091,33453055.50313743
15-01-2021,1211.72951924,1238.02716606,1091.78701524,1170.95193761,295923.62481498,31994330.40767204
14-01-2021,1138.38664155,1229.11192289,1121.48700995,1211.47882924,68021.54554574,71620205.42700666
13-01-2021,1034.77916242,1148.28778383,797.67202196,1138.37054623,56552.84451067,31104097.62576243
12-01-2021,1095.78703175,1133.73046808,1000.98189973,1034.85304786,22283.26068536,28275652.71743939
11-01-2021,1281.69123629,1283.80029637,934.2594522,1095.70308489,41918.15815021,28486945.69272763
10-01-2021,1247.93169873,1343.87777537,1210.17825608,1281.67703983,27993.13017548,27433695.6948901
09-01-2021,1228.18721181,1301.05780089,1158.05173144,1247.87339659,17154.53338052,26710144.5713148
08-01-2021,1215.4115271,1334.82009464,1078.89983661,1228.18515401,57019.02222541,23554362.58740032
07-01-2021,1181.35554811,1269.7353747,1135.37586972,1214.63737367,32000.32758816,22602375.95716962
06-01-2021,1103.69665203,1181.43497484,1063.98806479,1181.43497484,37248.26865668,21640910.37613373
05-01-2021,991.23436819,1122.01230459,931.33285211,1103.26127297,425083.20523674,19229370.43274132
04-01-2021,952.16678733,1131.82204417,915.19469437,991.25124168,289731.33170591,0
03-01-2021,763.15538804,977.1080866,759.68814788,952.1997392,35084.26148562,0
02-01-2021,722.18309526,775.41351065,710.50902065,763.07811772,33974.19989951,0
01-01-2021,731.0284088,742.00563946,712.74120897,722.16719003,5092.54437375,0
31-12-2020,720.59800025,748.78045266,703.28747197,731.02969216,81185.31490591,0
30-12-2020,720.8455249,730.25396906,692.6985512,720.61656872,95179.64679948,5514878.60043086
29-12-2020,727.07769378,733.03396362,684.05399756,720.87303034,116888.66429721,5516841.3012267
28-12-2020,682.47366415,742.24759426,681.35013184,727.07364667,2303.91090447,5564294.61796978
27-12-2020,627.46547066,707.75123418,617.71981678,682.46715784,90078.23638406,5222921.15894594
26-12-2020,626.15002437,642.74629662,610.42717331,627.47247304,10296.67414412,4802046.83619758
25-12-2020,611.75904674,626.39723784,600.42052441,626.13624236,45600.56334071,4791820.66281857
24-12-2020,588.68648146,613.32811118,551.78459296,611.78746811,53525.94188702,4682009.4934288
23-12-2020,594.08736715,617.94930019,564.95887807,588.65535742,64860.35447744,4504979.45030627
